City_ID,City,Country,Date,Lat,Lng,Max Temp,Humidity,Cloudiness,Wind Speed
0,Barrow,US,2021-07-27 12:53:05,71.2906,-156.7887,41.02,93,90,3.44
1,Hay River,CA,2021-07-27 12:53:06,60.8156,-115.7999,53.58,76,40,6.91
2,Pevek,RU,2021-07-27 12:53:06,69.7008,170.3133,34.05,94,100,17.27
3,Rikitea,PF,2021-07-27 12:53:06,-23.1203,-134.9692,74.46,76,100,17.67
4,Atuona,PF,2021-07-27 12:52:40,-9.8,-139.0333,77.52,71,18,19.19
5,Victoria,HK,2021-07-27 12:52:07,22.2855,114.1577,91.45,72,81,4.0
6,Tarauaca,BR,2021-07-27 12:53:07,-8.1614,-70.7656,80.71,64,2,2.48
7,Colac,AU,2021-07-27 12:53:07,-38.3333,143.5833,60.01,76,100,22.3
8,Pangnirtung,CA,2021-07-27 12:53:08,66.1451,-65.7125,44.6,100,90,5.75
9,Akdepe,TM,2021-07-27 12:53:08,42.0551,59.3788,98.69,17,0,13.42
10,Thompson,CA,2021-07-27 12:53:09,55.7435,-97.8558,51.96,93,40,0.0
11,Portland,US,2021-07-27 12:50:44,45.5234,-122.6762,64.6,83,75,4.61
12,Vagur,FO,2021-07-27 12:53:09,61.4732,-6.8119,51.91,97,95,13.67
13,Bredasdorp,ZA,2021-07-27 12:53:10,-34.5322,20.0403,70.92,35,3,10.36
14,Jalu,LY,2021-07-27 12:53:10,29.0331,21.5482,98.76,18,0,7.47
15,Puerto Ayora,EC,2021-07-27 12:53:10,-0.7393,-90.3518,71.31,74,48,10.6
16,Ushuaia,AR,2021-07-27 12:51:33,-54.8,-68.3,35.26,87,75,4.61
17,Nipawin,CA,2021-07-27 12:53:11,53.3668,-104.0009,51.84,93,1,8.05
18,Goderich,CA,2021-07-27 12:53:11,43.7501,-81.7165,74.91,83,69,3.44
19,Kutum,SD,2021-07-27 12:53:12,14.2,24.6667,83.14,46,87,9.01
20,Russell,US,2021-07-27 12:50:08,32.3502,-85.1999,78.51,91,40,0.0
21,Provideniya,RU,2021-07-27 12:53:12,64.3833,-173.3,46.87,99,100,10.83
22,Sorland,NO,2021-07-27 12:53:13,67.667,12.6934,68.07,89,6,12.1
23,Kirensk,RU,2021-07-27 12:53:13,57.7853,108.1119,72.59,51,0,2.17
24,Ilulissat,GL,2021-07-27 12:53:14,69.2167,-51.1,50.25,75,100,6.11
25,Ayan,RU,2021-07-27 12:53:14,56.45,138.1667,68.86,65,48,9.08
26,Albany,US,2021-07-27 12:53:14,42.6001,-73.9662,74.26,81,10,2.19
27,Lorengau,PG,2021-07-27 12:53:15,-2.0226,147.2712,82.6,75,34,8.77
28,Hermanus,ZA,2021-07-27 12:53:15,-34.4187,19.2345,65.8,70,18,27.11
29,Hobart,AU,2021-07-27 12:49:54,-42.8794,147.3294,57.92,59,75,8.99
30,Talara,PE,2021-07-27 12:53:16,-4.5772,-81.2719,66.96,88,0,17.27
31,Matara,LK,2021-07-27 12:53:16,5.9485,80.5353,79.54,86,76,11.7
32,Tamboril,DO,2021-07-27 12:53:16,19.4854,-70.611,80.69,100,75,3.44
33,Manaus,BR,2021-07-27 12:53:17,-3.1019,-60.025,84.69,79,20,1.14
34,Jiujiang,CN,2021-07-27 12:53:17,29.7333,115.9833,78.98,93,40,12.57
35,Lagoa,PT,2021-07-27 12:53:17,39.05,-27.9833,70.97,90,100,11.25
36,Licheng,CN,2021-07-27 12:53:18,23.2955,113.8284,91.33,62,31,3.11
37,Bethel,US,2021-07-27 12:53:18,41.3712,-73.414,80.29,79,0,2.93
38,Port Hardy,CA,2021-07-27 12:53:19,50.6996,-127.4199,51.8,100,20,4.61
39,Trairi,BR,2021-07-27 12:51:56,-3.2778,-39.2689,85.21,52,100,13.73
40,Yellowknife,CA,2021-07-27 12:53:19,62.456,-114.3525,53.29,76,75,4.0
41,Hearst,CA,2021-07-27 12:53:20,49.6835,-83.6665,53.85,80,0,2.77
42,Narsaq,GL,2021-07-27 12:53:20,60.9167,-46.05,51.49,59,100,5.46
43,Huallanca,PE,2021-07-27 12:53:21,-9.8993,-76.9417,45.66,72,6,3.42
44,Presque Isle,US,2021-07-27 12:53:21,46.6811,-68.0159,70.29,80,20,0.0
45,Dikson,RU,2021-07-27 12:53:21,73.5069,80.5464,44.13,98,100,19.1
46,Alta Floresta,BR,2021-07-27 12:53:22,-9.8756,-56.0861,84.13,33,3,4.41
47,Kamenka,RU,2021-07-27 12:53:22,51.3223,42.7678,83.37,33,59,10.54
48,Port Elizabeth,ZA,2021-07-27 12:53:22,-33.918,25.5701,84.09,18,0,9.22
49,Hofn,IS,2021-07-27 12:53:23,64.2539,-15.2082,50.02,93,90,4.61
50,Salalah,OM,2021-07-27 12:53:23,17.0151,54.0924,80.22,82,99,14.56
51,Hasaki,JP,2021-07-27 12:53:24,35.7333,140.8333,75.6,74,64,14.85
52,Korla,CN,2021-07-27 12:53:24,41.7597,86.1469,99.0,11,0,7.81
53,Mitrofanovka,RU,2021-07-27 12:53:24,49.9708,39.6939,86.68,24,2,5.77
54,Banfora,BF,2021-07-27 12:53:25,10.6333,-4.7667,85.46,57,100,8.37
55,Katsuura,JP,2021-07-27 12:53:25,35.1333,140.3,82.51,77,44,7.29
56,Punta Arenas,CL,2021-07-27 12:51:15,-53.15,-70.9167,41.11,83,75,6.91
57,Bulgan,MN,2021-07-27 12:53:26,48.8125,103.5347,62.37,66,96,1.28
58,Bluff,NZ,2021-07-27 12:53:26,-46.6,168.3333,46.8,80,100,15.66
59,Zhigansk,RU,2021-07-27 12:53:26,66.7697,123.3711,57.76,64,51,12.17
60,Mar Del Plata,AR,2021-07-27 12:53:12,-38.0023,-57.5575,41.09,1,40,13.0
61,Sao Miguel Do Araguaia,BR,2021-07-27 12:53:27,-13.275,-50.1628,85.14,26,2,5.21
62,Nanortalik,GL,2021-07-27 12:53:27,60.1432,-45.2371,45.28,80,100,1.3
63,Moose Factory,CA,2021-07-27 12:53:28,51.2585,-80.6094,59.0,77,90,4.61
64,Mataura,NZ,2021-07-27 12:53:28,-46.1927,168.8643,46.47,82,100,4.21
65,Port Alfred,ZA,2021-07-27 12:53:28,-33.5906,26.891,79.02,28,0,22.1
66,Grindavik,IS,2021-07-27 12:52:48,63.8424,-22.4338,57.15,71,0,19.57
67,Katobu,ID,2021-07-27 12:53:29,-4.9408,122.5276,73.99,88,5,3.89
68,Nizhniy Kuranakh,RU,2021-07-27 12:53:29,58.8353,125.4869,66.63,88,1,3.58
69,Naze,JP,2021-07-27 12:53:30,28.3667,129.4833,76.68,89,100,11.45
70,Luderitz,NA,2021-07-27 12:53:30,-26.6481,15.1594,67.62,52,0,10.27
71,Castro,BR,2021-07-27 12:53:31,-24.7911,-50.0119,66.13,52,95,11.43
72,Nanlong,CN,2021-07-27 12:53:31,31.3533,106.0631,80.92,71,87,2.62
73,San Quintin,MX,2021-07-27 12:53:31,30.4833,-115.95,66.63,91,7,8.14
74,Port Macquarie,AU,2021-07-27 12:53:32,-31.4333,152.9167,48.88,93,6,0.0
75,Busselton,AU,2021-07-27 12:51:48,-33.65,115.3333,50.09,62,100,14.14
76,Cabo San Lucas,MX,2021-07-27 12:53:32,22.8909,-109.9124,82.51,74,1,0.0
77,Iqaluit,CA,2021-07-27 12:53:33,63.7506,-68.5145,49.73,71,90,8.99
78,Krasnoselkup,RU,2021-07-27 12:53:33,65.7,82.4667,49.19,94,100,11.59
79,Husavik,IS,2021-07-27 12:53:33,66.0449,-17.3389,53.51,98,100,12.41
80,Georgetown,MY,2021-07-27 12:53:34,5.4112,100.3354,87.75,73,20,4.61
81,Asau,RO,2021-07-27 12:53:34,46.4333,26.4,87.28,60,97,1.23
82,Kodiak,US,2021-07-27 12:53:35,57.79,-152.4072,49.6,91,28,2.53
83,Aklavik,CA,2021-07-27 12:53:35,68.2191,-135.0107,54.43,83,100,5.01
84,Poum,NC,2021-07-27 12:53:35,-20.2333,164.0167,71.33,64,57,10.56
85,Lakatoro,VU,2021-07-27 12:53:36,-16.0999,167.4164,76.42,83,100,15.86
86,Chuy,UY,2021-07-27 12:51:09,-33.6971,-53.4616,44.85,62,0,15.82
87,Vaini,TO,2021-07-27 12:53:36,-21.2,-175.2,69.96,88,90,6.91
88,Biak,ID,2021-07-27 12:53:37,-0.9131,122.8766,75.33,73,79,7.07
89,Langenburg,DE,2021-07-27 12:53:37,49.2544,9.8458,79.23,52,20,6.91
90,Avera,US,2021-07-27 12:53:37,33.194,-82.5271,80.91,76,16,4.05
91,Okahandja,NA,2021-07-27 12:53:38,-21.9833,16.9167,71.91,17,0,7.92
92,Gigmoto,PH,2021-07-27 12:53:38,13.7796,124.39,82.44,83,98,12.39
93,Selma,US,2021-07-27 12:53:24,36.5708,-119.6121,79.7,74,1,0.0
94,Menongue,AO,2021-07-27 12:53:39,-14.6585,17.691,78.28,15,3,7.94
95,Dubbo,AU,2021-07-27 12:53:39,-32.25,148.6167,44.73,81,5,8.05
96,Tuktoyaktuk,CA,2021-07-27 12:53:40,69.4541,-133.0374,45.16,73,100,8.86
97,Borsa,RO,2021-07-27 12:53:40,47.6553,24.6633,85.91,54,40,7.0
98,Dingle,PH,2021-07-27 12:53:41,10.9995,122.6711,79.79,81,100,12.39
99,Hithadhoo,MV,2021-07-27 12:53:41,-0.6,73.0833,81.59,76,88,7.05
100,San Patricio,US,2021-07-27 12:53:41,28.017,-97.5169,80.44,85,4,4.09
101,Cozumel,MX,2021-07-27 12:53:42,20.5083,-86.9458,80.01,86,77,3.0
102,Altay,CN,2021-07-27 12:53:42,47.8667,88.1167,79.45,40,8,10.78
103,Westport,US,2021-07-27 12:53:43,41.1415,-73.3579,82.89,72,0,1.99
104,Faanui,PF,2021-07-27 12:53:43,-16.4833,-151.75,77.4,76,80,7.11
105,Coffs Harbour,AU,2021-07-27 12:53:43,-30.3,153.1333,50.13,94,4,5.75
106,Beringovskiy,RU,2021-07-27 12:53:44,63.05,179.3167,49.96,98,100,5.68
107,Uige,AO,2021-07-27 12:53:44,-7.6087,15.0613,86.02,21,20,6.91
108,Nyurba,RU,2021-07-27 12:53:44,63.2842,118.3319,71.13,70,60,5.84
109,Mahebourg,MU,2021-07-27 12:53:45,-20.4081,57.7,73.26,73,75,12.66
110,Tezu,IN,2021-07-27 12:53:45,27.9167,96.1667,79.45,92,100,2.98
111,Avarua,CK,2021-07-27 12:53:45,-21.2078,-159.775,68.05,100,75,3.44
112,Sabang,ID,2021-07-27 12:53:46,5.8933,95.3214,83.82,76,100,20.8
113,Hilo,US,2021-07-27 12:52:46,19.7297,-155.09,73.62,95,100,1.01
114,Brookhaven,US,2021-07-27 12:53:46,31.5791,-90.4407,76.15,90,0,2.91
115,Thanh Hoa,VN,2021-07-27 12:53:47,19.8,105.7667,85.08,82,100,5.77
116,Nouadhibou,MR,2021-07-27 12:53:47,20.931,-17.0347,84.18,54,0,21.85
117,La Ronge,CA,2021-07-27 12:53:48,55.1001,-105.2842,61.02,77,75,2.3
118,Kapaa,US,2021-07-27 12:53:48,22.0752,-159.319,79.12,76,75,14.97
119,Norman Wells,CA,2021-07-27 12:53:48,65.282,-126.8329,46.44,93,75,3.44
120,Wheat Ridge,US,2021-07-27 12:53:49,39.7661,-105.0772,74.46,47,1,0.0
121,Kavaratti,IN,2021-07-27 12:53:49,10.5669,72.642,81.93,81,100,19.26
122,Port Blair,IN,2021-07-27 12:53:50,11.6667,92.75,82.76,86,67,19.22
123,Meadow Lake,US,2021-07-27 12:53:50,34.8014,-106.5436,71.11,62,77,2.42
124,Bathsheba,BB,2021-07-27 12:53:50,13.2167,-59.5167,84.81,74,40,13.8
125,Tiksi,RU,2021-07-27 12:53:51,71.6872,128.8694,37.17,92,83,7.76
126,Srednekolymsk,RU,2021-07-27 12:53:51,67.45,153.6833,46.0,64,100,11.18
127,Cidreira,BR,2021-07-27 12:53:52,-30.1811,-50.2056,53.89,77,78,17.09
128,Udachnyy,RU,2021-07-27 12:53:52,66.4167,112.4,81.91,42,94,5.12
129,Soe,ID,2021-07-27 12:53:52,-9.8607,124.284,63.79,88,15,5.88
130,Kruisfontein,ZA,2021-07-27 12:53:53,-34.0033,24.7314,81.88,21,0,21.97
131,Esperance,AU,2021-07-27 12:53:53,-33.8667,121.9,48.04,69,83,22.5
132,Bairiki,KI,2021-07-27 12:53:54,1.3292,172.9752,82.4,74,75,0.0
133,Shingu,JP,2021-07-27 12:53:54,33.7333,135.9833,76.95,82,98,5.88
134,Ternate,ID,2021-07-27 12:53:55,0.8,127.4,81.43,78,67,10.58
135,Sokolo,ML,2021-07-27 12:53:55,14.7328,-6.1219,90.54,44,88,11.5
136,Taltal,CL,2021-07-27 12:53:55,-25.4,-70.4833,60.39,56,0,3.96
137,Visnes,NO,2021-07-27 12:53:56,59.3556,5.2242,69.57,88,75,6.91
138,Rafaela,AR,2021-07-27 12:53:56,-31.2503,-61.4867,44.06,51,0,11.88
139,Shu,KZ,2021-07-27 12:53:56,43.5983,73.7614,91.31,19,0,18.21
140,Flin Flon,CA,2021-07-27 12:53:57,54.7682,-101.865,62.44,82,20,5.75
141,Denpasar,ID,2021-07-27 12:53:57,-8.65,115.2167,78.46,89,20,6.91
142,Padang,ID,2021-07-27 12:53:58,-0.9492,100.3543,82.45,85,27,2.84
143,Butaritari,KI,2021-07-27 12:53:58,3.0707,172.7902,81.75,77,100,10.18
144,Nikolskoye,RU,2021-07-27 12:53:58,59.7035,30.7861,87.69,29,60,6.6
145,Saskylakh,RU,2021-07-27 12:53:59,71.9167,114.0833,62.85,60,9,15.73
146,Hoima,UG,2021-07-27 12:53:59,1.4356,31.3436,81.73,38,69,4.5
147,Saint George,US,2021-07-27 12:51:02,37.1041,-113.5841,74.53,94,1,1.99
148,Tasiilaq,GL,2021-07-27 12:54:00,65.6145,-37.6368,40.1,84,31,3.0
149,Guaymas,MX,2021-07-27 12:54:00,27.9333,-110.9,79.88,62,1,3.69
150,Longyearbyen,SJ,2021-07-27 12:54:01,78.2186,15.6401,46.24,81,75,6.91
151,De-Kastri,RU,2021-07-27 12:54:01,51.4667,140.7833,65.05,99,100,2.57
152,Yerofey Pavlovich,RU,2021-07-27 12:54:01,53.9667,121.9667,65.17,78,100,2.01
153,Summerland,CA,2021-07-27 12:54:02,49.5998,-119.6691,69.66,43,40,5.75
154,Northampton,US,2021-07-27 12:49:35,40.8754,-75.2499,78.15,74,0,0.34
155,Sibut,CF,2021-07-27 12:54:02,5.718,19.0739,80.49,77,32,4.29
156,Padampur,IN,2021-07-27 12:54:03,29.6833,73.6167,97.23,43,100,14.05
157,Casper,US,2021-07-27 12:54:03,42.8666,-106.3131,69.51,28,18,7.02
158,Kaeo,NZ,2021-07-27 12:50:10,-35.1,173.7833,51.33,87,28,5.91
159,Cayenne,GF,2021-07-27 12:54:04,4.9333,-52.3333,84.24,79,75,5.75
160,Zhangye,CN,2021-07-27 12:54:04,38.9342,100.4517,82.42,19,100,10.69
161,Jamestown,US,2021-07-27 12:50:21,42.097,-79.2353,73.51,84,1,1.01
162,Lompoc,US,2021-07-27 12:50:17,34.6391,-120.4579,62.56,92,90,0.0
163,Sarahan,IN,2021-07-27 12:54:05,31.5167,77.8,70.27,99,100,3.4
164,Oktyabrskiy,RU,2021-07-27 12:54:05,54.4815,53.471,71.29,51,100,10.58
165,Souillac,MU,2021-07-27 12:54:05,-20.5167,57.5167,72.36,73,75,12.66
166,Saint-Francois,FR,2021-07-27 12:54:06,46.4154,3.9054,78.19,62,90,6.91
167,Tazovskiy,RU,2021-07-27 12:54:06,67.4667,78.7,42.76,96,100,18.66
168,Tateyama,JP,2021-07-27 12:54:07,34.9833,139.8667,82.42,77,99,7.83
169,Murgab,TM,2021-07-27 12:54:07,37.4966,61.9714,103.87,15,0,16.11
170,Saint-Philippe,RE,2021-07-27 12:54:07,-21.3585,55.7679,72.95,74,48,12.37
171,Mizan Teferi,ET,2021-07-27 12:54:08,6.9833,35.5833,65.39,96,96,1.57
172,Los Llanos De Aridane,ES,2021-07-27 12:54:08,28.6585,-17.9182,73.15,79,20,23.02
173,Gao,ML,2021-07-27 12:54:08,16.6362,1.637,93.69,42,100,17.45
174,Sambava,MG,2021-07-27 12:54:09,-14.2667,50.1667,75.09,66,19,16.04
175,Olinda,BR,2021-07-27 12:54:09,-8.0089,-34.8553,76.73,78,40,10.36
176,Chokurdakh,RU,2021-07-27 12:54:10,70.6333,147.9167,36.84,83,100,10.8
177,Bubaque,GW,2021-07-27 12:54:10,11.2833,-15.8333,80.58,77,12,3.15
178,Dunedin,NZ,2021-07-27 12:54:10,-45.8742,170.5036,48.79,63,12,5.99
179,Saint-Leu,RE,2021-07-27 12:54:11,-21.15,55.2833,72.43,69,26,9.62
180,Bagamoyo,TZ,2021-07-27 12:54:11,-6.4333,38.9,86.41,43,79,12.35
181,Itarema,BR,2021-07-27 12:54:11,-2.9248,-39.9167,85.57,52,51,16.62
182,Livramento,BR,2021-07-27 12:54:12,-3.0254,-60.1803,86.68,70,0,2.3
183,Morondava,MG,2021-07-27 12:54:12,-20.2833,44.2833,76.05,55,7,15.82
184,Kahului,US,2021-07-27 12:54:13,20.8947,-156.47,77.85,92,58,11.01
185,Daru,PG,2021-07-27 12:54:13,-9.0763,143.2092,77.25,86,100,15.21
186,Farkhor,TJ,2021-07-27 12:54:14,37.4922,69.4036,103.08,13,0,10.49
187,Juneau,US,2021-07-27 12:53:38,58.3019,-134.4197,56.21,97,100,1.99
188,Alofi,NU,2021-07-27 12:54:14,-19.0595,-169.9187,67.89,100,37,1.14
189,Urengoy,RU,2021-07-27 12:54:15,65.9667,78.3667,48.99,86,100,12.91
190,Puerto Escondido,MX,2021-07-27 12:54:15,15.85,-97.0667,78.42,79,34,4.12
191,Bay Roberts,CA,2021-07-27 12:54:15,47.5999,-53.2648,66.06,96,100,5.01
192,Yaan,NG,2021-07-27 12:54:16,7.3833,8.5667,81.14,59,100,9.06
193,Antalaha,MG,2021-07-27 12:54:16,-14.9003,50.2788,74.98,66,33,10.92
194,Yen Bai,VN,2021-07-27 12:54:17,21.7,104.8667,85.21,78,33,3.11
195,Kyabram,AU,2021-07-27 12:54:17,-36.3167,145.05,57.87,38,100,18.48
196,Gornopravdinsk,RU,2021-07-27 12:54:17,60.05,69.9,58.48,89,100,5.14
197,Champerico,GT,2021-07-27 12:54:18,14.3,-91.9167,82.35,82,57,3.56
198,Opuwo,NA,2021-07-27 12:54:18,-18.0607,13.84,76.93,17,0,10.58
199,Banff,CA,2021-07-27 12:54:19,51.1762,-115.5698,59.49,87,0,1.14
200,Qaanaaq,GL,2021-07-27 12:54:19,77.484,-69.3632,43.65,91,86,10.92
201,Araouane,ML,2021-07-27 12:54:19,18.9048,-3.5265,104.43,21,100,14.7
202,Sitka,US,2021-07-27 12:54:20,57.0531,-135.33,54.72,93,100,2.19
203,Clonakilty,IE,2021-07-27 12:54:20,51.6231,-8.8706,65.41,64,100,13.02
204,Port-Cartier,CA,2021-07-27 12:54:21,50.0334,-66.8654,62.82,92,100,1.05
205,Bambanglipuro,ID,2021-07-27 12:54:21,-7.95,110.2833,74.91,83,80,6.2
206,Codrington,AU,2021-07-27 12:54:21,-38.2667,141.9667,54.18,91,82,24.34
207,Minas,UY,2021-07-27 12:49:26,-34.3759,-55.2377,45.07,67,1,17.4
208,Bara,NG,2021-07-27 12:54:22,10.3744,10.7288,83.98,74,100,11.74
209,Saint-Augustin,CA,2021-07-27 12:54:23,51.226,-58.6502,60.94,96,100,4.92
210,Tiarei,PF,2021-07-27 12:54:23,-17.5333,-149.3333,73.42,77,40,8.93
211,Alakurtti,RU,2021-07-27 12:54:24,66.9672,30.3491,70.63,34,20,2.01
212,Negombo,LK,2021-07-27 12:54:24,7.2083,79.8358,82.45,78,40,9.22
213,Ambon,ID,2021-07-27 12:54:24,-3.6954,128.1814,77.14,94,40,9.22
214,Bandarbeyla,SO,2021-07-27 12:54:25,9.4942,50.8122,84.2,56,100,31.21
215,Grants,US,2021-07-27 12:54:25,35.1473,-107.8514,57.43,94,1,0.0
216,Chone,EC,2021-07-27 12:54:26,-0.6833,-80.1,72.81,88,100,1.3
217,Zyryanka,RU,2021-07-27 12:54:26,65.75,150.85,48.67,61,100,8.93
218,Conakry,GN,2021-07-27 12:51:24,9.538,-13.6773,80.33,79,88,8.57
219,Poya,NC,2021-07-27 12:54:27,-21.35,165.15,63.63,76,16,3.78
220,Aquiraz,BR,2021-07-27 12:54:27,-3.9014,-38.3911,86.09,58,11,13.67
221,Carnarvon,AU,2021-07-27 12:54:27,-24.8667,113.6333,62.67,65,67,8.05
222,Samarai,PG,2021-07-27 12:54:28,-10.6167,150.6667,78.19,87,100,11.3
223,Ribeira Grande,PT,2021-07-27 12:54:28,38.5167,-28.7,77.4,73,75,12.66
224,Young,UY,2021-07-27 12:54:29,-32.6833,-57.6333,42.22,50,0,13.85
225,Torbay,CA,2021-07-27 12:54:29,47.6666,-52.7314,65.28,96,90,19.57
226,Ambilobe,MG,2021-07-27 12:54:29,-13.2,49.05,81.52,48,67,5.26
227,Salina,US,2021-07-27 12:50:51,38.8403,-97.6114,72.18,88,1,0.0
228,Lafia,NG,2021-07-27 12:54:30,8.4833,8.5167,82.89,55,100,9.04
229,Saldanha,ZA,2021-07-27 12:54:31,-33.0117,17.9442,60.85,79,100,18.37
230,Macusani,PE,2021-07-27 12:54:31,-14.0833,-70.4333,39.6,47,5,2.91
231,Khatanga,RU,2021-07-27 12:54:31,71.9667,102.5,83.44,48,40,7.38
232,Chekhov,RU,2021-07-27 12:54:32,55.1431,37.4711,85.26,43,81,2.1
233,Zhuhai,CN,2021-07-27 12:54:33,22.2769,113.5678,91.11,79,20,9.22
234,Morant Bay,JM,2021-07-27 12:54:33,17.8815,-76.4093,82.02,75,100,8.5
235,Mackay,AU,2021-07-27 12:50:56,-21.15,149.2,61.05,88,57,3.44
236,Bakloh,IN,2021-07-27 12:54:34,32.4667,75.9167,75.94,91,100,0.72
237,Henties Bay,NA,2021-07-27 12:54:34,-22.116,14.2845,69.85,45,0,12.41
238,Broome,US,2021-07-27 12:54:34,42.2506,-75.833,72.91,78,2,1.01
239,East London,ZA,2021-07-27 12:54:35,-33.0153,27.9116,85.14,14,0,16.11
240,Lamu,KE,2021-07-27 12:54:35,-2.2717,40.902,80.82,70,30,22.26
241,Marabba,SD,2021-07-27 12:54:36,12.35,32.1833,86.59,51,100,11.34
242,Wankaner,IN,2021-07-27 12:54:36,22.6167,70.9333,86.65,73,100,23.06
243,Oranjemund,NA,2021-07-27 12:54:37,-28.55,16.4333,62.1,64,0,12.59
244,Abohar,IN,2021-07-27 12:54:37,30.15,74.1833,94.98,50,100,9.22
245,Belmonte,BR,2021-07-27 12:52:12,-15.8631,-38.8828,73.9,69,7,0.87
246,Arraial Do Cabo,BR,2021-07-27 12:54:38,-22.9661,-42.0278,76.96,60,0,9.22
247,Tabou,CI,2021-07-27 12:54:38,4.423,-7.3528,80.19,68,99,11.32
248,Yanam,IN,2021-07-27 12:54:39,16.7333,82.2167,90.0,60,100,4.65
249,Vallenar,CL,2021-07-27 12:54:39,-28.5708,-70.7581,58.1,28,0,0.76
250,Ekibastuz,KZ,2021-07-27 12:54:39,51.6667,75.3667,67.75,34,50,14.67
251,Severo-Kurilsk,RU,2021-07-27 12:54:40,50.6789,156.125,58.32,98,100,7.87
252,Lagos,NG,2021-07-27 12:50:37,6.5833,3.75,80.92,55,100,10.31
253,Abaete,BR,2021-07-27 12:54:40,-19.16,-45.4458,74.26,31,0,6.11
254,El Reten,CO,2021-07-27 12:54:41,10.6114,-74.2682,78.71,82,68,7.58
255,Lapua,FI,2021-07-27 12:54:41,62.9693,23.0088,87.51,25,88,4.45
256,Deloraine,AU,2021-07-27 12:54:41,-41.5333,146.6667,54.23,94,100,10.94
257,Airai,TL,2021-07-27 12:54:42,-8.9266,125.4092,57.33,90,41,2.98
258,Lebu,CL,2021-07-27 12:54:42,-37.6167,-73.65,44.33,73,0,19.89
259,Labuhan,ID,2021-07-27 12:54:42,-6.8844,112.2051,78.84,73,54,7.18
260,Jizan,SA,2021-07-27 12:54:43,17.3333,42.6667,95.94,61,100,10.54
261,Ancud,CL,2021-07-27 12:54:43,-41.8697,-73.8203,40.53,79,79,4.81
262,Baraboo,US,2021-07-27 12:54:44,43.4711,-89.7443,71.51,82,1,5.75
263,Cape Town,ZA,2021-07-27 12:51:48,-33.9258,18.4232,64.81,63,75,3.0
264,Klaksvik,FO,2021-07-27 12:54:44,62.2266,-6.589,56.32,98,100,10.69
265,Hamilton,US,2021-07-27 12:54:13,39.1834,-84.5333,76.41,85,0,3.36
266,Nelson Bay,AU,2021-07-27 12:54:45,-32.7167,152.15,54.95,92,6,8.08
267,Takhtamygda,RU,2021-07-27 12:54:45,54.1,123.5667,65.89,76,100,2.84
268,Ballina,AU,2021-07-27 12:54:46,-28.8667,153.5667,55.58,88,0,8.05
269,Ullapool,GB,2021-07-27 12:54:46,57.8987,-5.1604,69.94,84,100,5.1
270,Coahuayana,MX,2021-07-27 12:54:46,18.7333,-103.6833,80.08,92,100,0.85
271,Kavieng,PG,2021-07-27 12:54:47,-2.5744,150.7967,82.89,75,100,12.19
272,Tahoua,NE,2021-07-27 12:54:47,14.8888,5.2692,82.38,65,75,4.61
273,New Norfolk,AU,2021-07-27 12:54:48,-42.7826,147.0587,57.58,58,100,8.01
274,Diffa,NE,2021-07-27 12:54:48,13.3154,12.6113,84.96,59,97,9.75
275,Warora,IN,2021-07-27 12:54:48,20.2333,79.0,83.61,66,100,11.77
276,Yagodnoye,RU,2021-07-27 12:54:49,62.55,149.6667,46.08,80,96,4.12
277,Letka,RU,2021-07-27 12:54:49,59.6011,49.4232,58.41,53,89,9.31
278,Bilibino,RU,2021-07-27 12:54:50,68.0546,166.4372,42.31,78,90,6.87
279,Robertson,US,2021-07-27 12:54:50,36.5167,-86.8667,78.89,95,20,0.0
280,San Andres,CO,2021-07-27 12:54:51,12.5847,-81.7006,82.42,83,75,6.91
281,Lhokseumawe,ID,2021-07-27 12:54:51,5.1801,97.1507,81.63,77,57,1.59
282,La Rioja,ES,2021-07-27 12:54:51,42.25,-2.5,82.04,29,48,7.16
283,Two Rivers,US,2021-07-27 12:54:52,44.1539,-87.5693,72.16,83,75,3.0
284,Brae,GB,2021-07-27 12:54:52,60.3964,-1.353,57.11,87,89,9.51
285,Khandyga,RU,2021-07-27 12:54:53,62.6667,135.6,58.19,61,0,5.93
286,Buala,SB,2021-07-27 12:54:53,-8.145,159.5921,79.95,84,95,9.19
287,Tchibanga,GA,2021-07-27 12:54:54,-2.85,11.0333,93.52,30,87,2.44
288,Raudeberg,NO,2021-07-27 12:54:54,61.9875,5.1352,71.38,87,100,4.38
289,Fuxin,CN,2021-07-27 12:54:54,42.0156,121.6589,76.03,88,89,1.54
290,Clyde River,CA,2021-07-27 12:54:55,70.4692,-68.5914,43.03,87,90,6.91
291,Lasa,IT,2021-07-27 12:54:55,46.6166,10.7002,69.69,65,41,6.85
292,Tuatapere,NZ,2021-07-27 12:50:10,-46.1333,167.6833,46.81,85,100,4.29
293,Touros,BR,2021-07-27 12:54:56,-5.1989,-35.4608,79.7,62,26,15.88
294,Kharp,RU,2021-07-27 12:54:56,66.8014,65.8081,53.13,83,100,9.6
295,Chivay,PE,2021-07-27 12:54:57,-15.6383,-71.6011,43.36,49,7,0.36
296,Shuangyashan,CN,2021-07-27 12:54:57,46.6361,131.1539,82.31,53,98,3.98
297,San Policarpo,PH,2021-07-27 12:54:57,12.1791,125.5072,83.16,74,100,7.72
298,Cedral,MX,2021-07-27 12:54:58,23.8,-100.7333,63.63,82,0,3.49
299,Ilhabela,BR,2021-07-27 12:54:58,-23.7781,-45.3581,80.73,39,0,6.85
300,Grand-Santi,GF,2021-07-27 12:54:59,4.25,-54.3833,83.95,65,2,3.2
301,Salinopolis,BR,2021-07-27 12:54:59,-0.6136,-47.3561,84.31,65,21,8.08
302,Vostok,RU,2021-07-27 12:54:59,46.4856,135.8833,74.16,77,100,3.58
303,Meulaboh,ID,2021-07-27 12:55:00,4.1363,96.1285,80.47,82,33,6.51
304,Olafsvik,IS,2021-07-27 12:55:00,64.8945,-23.7142,52.61,73,90,16.71
305,Suntar,RU,2021-07-27 12:55:01,62.1444,117.6319,74.1,68,0,5.68
306,Amapa,BR,2021-07-27 12:55:01,1.0,-52.0,82.99,64,0,2.91
307,Siniscola,IT,2021-07-27 12:55:01,40.5719,9.6922,94.55,53,77,9.19
308,Guantanamo,CU,2021-07-27 12:55:02,20.1444,-75.2092,79.47,66,92,2.75
309,Lianzhou,CN,2021-07-27 12:55:03,24.7811,112.3825,82.99,71,38,1.77
310,Calvinia,ZA,2021-07-27 12:55:03,-31.4707,19.776,63.07,33,0,19.3
311,Lima,PE,2021-07-27 12:53:23,-12.0432,-77.0282,62.91,90,90,4.61
312,Langsa,ID,2021-07-27 12:55:04,4.4683,97.9683,77.27,91,76,0.51
313,Ilebo,CD,2021-07-27 12:55:04,-4.3167,20.5833,96.85,13,100,3.62
314,Taoudenni,ML,2021-07-27 12:55:05,22.6783,-3.9836,113.59,5,4,1.16
315,Cherskiy,RU,2021-07-27 12:55:05,68.75,161.3,34.09,94,61,17.6
316,Qui Nhon,VN,2021-07-27 12:55:05,13.7667,109.2333,85.68,68,100,12.95
317,Luanda,AO,2021-07-27 12:54:10,-8.8368,13.2343,77.0,69,20,8.05
318,Ghogha,IN,2021-07-27 12:55:06,21.6833,72.2833,87.91,66,90,9.22
319,Bandar-E Lengeh,IR,2021-07-27 12:55:07,26.5579,54.8807,102.31,56,16,16.11
320,Namatanai,PG,2021-07-27 12:55:07,-3.6667,152.4333,79.74,81,53,7.52
321,Lazaro Cardenas,MX,2021-07-27 12:55:07,17.9583,-102.2,78.31,85,100,4.97
322,Constitucion,CL,2021-07-27 12:50:56,-35.3333,-72.4167,42.84,66,0,7.54
323,Wexford,IE,2021-07-27 12:55:08,52.3342,-6.4575,64.62,84,100,11.97
324,Margate,GB,2021-07-27 12:55:08,51.3813,1.3862,71.85,71,100,4.0
325,Cabra,ES,2021-07-27 12:55:09,37.4725,-4.4421,93.65,35,0,1.01
326,Fortuna,US,2021-07-27 12:55:09,40.5982,-124.1573,63.19,95,90,1.99
327,Lavrentiya,RU,2021-07-27 12:55:09,65.5833,-171.0,43.39,99,100,4.54
328,Rincon,US,2021-07-27 12:55:10,32.296,-81.2354,82.26,94,90,12.66
329,Concord,US,2021-07-27 12:50:16,37.978,-122.0311,65.89,76,1,0.0
330,Batagay-Alyta,RU,2021-07-27 12:55:10,67.8006,130.4114,52.11,61,100,11.07
331,Barcelos,PT,2021-07-27 12:55:11,41.5388,-8.6151,75.69,46,9,12.5
332,Gobabis,NA,2021-07-27 12:55:11,-22.45,18.9667,66.58,19,0,8.03
333,Kyra,RU,2021-07-27 12:55:12,49.5776,111.9753,59.41,82,39,2.13
334,Ipora,BR,2021-07-27 12:55:12,-16.4419,-51.1178,79.0,29,5,4.83
335,Chumikan,RU,2021-07-27 12:55:12,54.7183,135.315,66.72,63,100,2.06
336,Harlingen,US,2021-07-27 12:53:33,26.1906,-97.6961,80.33,98,15,2.35
337,Ubrique,ES,2021-07-27 12:55:13,36.6778,-5.446,91.38,28,0,6.11
338,Porto Belo,BR,2021-07-27 12:55:13,-27.1578,-48.5531,67.15,81,100,5.48
339,Phoenix,US,2021-07-27 12:55:06,33.4484,-112.074,84.42,56,20,4.61
340,Kudahuvadhoo,MV,2021-07-27 12:55:14,2.6708,72.8944,81.86,76,100,9.6
341,Bonavista,CA,2021-07-27 12:55:14,48.6499,-53.1147,63.12,97,100,17.02
342,Bengkulu,ID,2021-07-27 12:55:15,-3.8004,102.2655,78.91,76,1,7.31
343,Akom,CM,2021-07-27 12:55:15,2.6678,12.7109,77.52,60,98,3.8
344,Nouakchott,MR,2021-07-27 12:52:19,18.0858,-15.9785,80.53,75,36,13.4
345,Nome,US,2021-07-27 12:55:16,64.5011,-165.4064,49.15,97,100,14.03
346,Berbera,SO,2021-07-27 12:55:16,10.4396,45.0143,90.55,49,68,11.83
347,Grand Gaube,MU,2021-07-27 12:55:16,-20.0064,57.6608,72.37,71,32,7.0
348,Flinders,AU,2021-07-27 12:55:17,-34.5833,150.8552,58.21,71,100,5.01
349,Manhattan,US,2021-07-27 12:53:56,40.7834,-73.9662,82.94,63,1,0.0
350,Buzmeyin,TM,2021-07-27 12:55:18,38.0507,58.2056,101.93,12,0,9.22
351,Noumea,NC,2021-07-27 12:55:18,-22.2763,166.4572,62.58,68,0,8.05
352,Bambous Virieux,MU,2021-07-27 12:55:18,-20.3428,57.7575,72.21,73,75,12.66
353,Razdolnoye,RU,2021-07-27 12:55:19,43.55,131.9167,77.41,94,93,6.2
354,Yar-Sale,RU,2021-07-27 12:55:19,66.8333,70.8333,59.02,51,8,10.71
355,Luganville,VU,2021-07-27 12:55:19,-15.5333,167.1667,76.55,87,100,14.16
356,Batticaloa,LK,2021-07-27 12:55:20,7.7102,81.6924,86.97,64,50,3.98
357,Zorritos,PE,2021-07-27 12:55:20,-3.6805,-80.6782,73.85,79,58,5.17
358,Itoman,JP,2021-07-27 12:55:21,26.1247,127.6694,82.42,86,40,10.36
359,Isiro,CD,2021-07-27 12:55:21,2.7739,27.616,77.9,71,30,2.77
360,Kaitangata,NZ,2021-07-27 12:55:21,-46.2817,169.8464,44.92,71,81,5.3
361,College,US,2021-07-27 12:55:22,64.8569,-147.8028,57.18,83,20,5.75
362,Puerto Del Rosario,ES,2021-07-27 12:55:22,28.5004,-13.8627,76.75,69,40,23.02
363,Nhulunbuy,AU,2021-07-27 12:55:23,-12.2333,136.7667,75.81,83,16,4.61
364,Kaoma,ZM,2021-07-27 12:55:23,-14.7833,24.8,75.36,19,98,9.78
365,Biltine,TD,2021-07-27 12:55:24,14.5333,20.9167,88.39,40,100,9.08
366,Upernavik,GL,2021-07-27 12:55:24,72.7868,-56.1549,45.9,87,100,5.39
367,Takoradi,GH,2021-07-27 12:55:24,4.8845,-1.7554,80.83,65,100,10.6
368,Nishihara,JP,2021-07-27 12:55:25,26.1842,127.7558,81.68,88,75,12.66
369,Kununurra,AU,2021-07-27 12:54:36,-15.7667,128.7333,76.98,65,82,8.05
370,Tres Picos,MX,2021-07-27 12:51:19,15.8667,-93.5333,77.67,85,22,3.78
371,Kon Tum,VN,2021-07-27 12:55:26,14.35,108.0,72.66,97,99,2.82
372,Cuenca,EC,2021-07-27 12:50:31,-2.8833,-78.9833,46.53,93,40,0.0
373,Ambulu,ID,2021-07-27 12:55:26,-8.345,113.6058,73.38,89,35,2.62
374,Raga,SS,2021-07-27 12:55:27,8.4596,25.678,76.66,86,94,3.58
375,Neustrelitz,DE,2021-07-27 12:55:27,53.3667,13.0833,74.91,60,100,8.37
376,Faridpur,BD,2021-07-27 12:55:27,23.6,89.8333,86.0,86,100,13.2
377,Calabozo,VE,2021-07-27 12:55:28,8.9242,-67.4293,79.07,81,56,3.71
378,Kyzyl,RU,2021-07-27 12:55:28,51.7,94.45,75.74,52,92,6.67
379,Manggar,ID,2021-07-27 12:55:29,-2.8833,108.2667,81.68,70,97,11.56
380,Venado Tuerto,AR,2021-07-27 12:55:29,-33.7456,-61.9688,37.78,34,0,17.87
381,Osoyoos,CA,2021-07-27 12:55:30,49.0331,-119.4524,72.01,49,100,4.61
382,Keti Bandar,PK,2021-07-27 12:55:30,24.1447,67.4497,84.0,80,100,25.72
383,Alexandria,EG,2021-07-27 12:50:39,31.2156,29.9553,88.34,51,0,12.66
384,Ponta Do Sol,PT,2021-07-27 12:55:30,32.6667,-17.1,79.72,67,0,1.34
385,Yulara,AU,2021-07-27 12:51:36,-25.2406,130.9889,69.64,26,90,6.91
386,Karatau,KZ,2021-07-27 12:55:31,43.1667,70.4667,89.6,15,0,17.83
387,Pisco,PE,2021-07-27 12:55:31,-13.7,-76.2167,60.03,94,75,4.61
388,Mascota,MX,2021-07-27 12:55:32,20.5167,-104.7833,61.48,83,99,2.98
389,Coquimbo,CL,2021-07-27 12:50:46,-29.9533,-71.3436,46.13,76,0,6.91
390,Kysyl-Syr,RU,2021-07-27 12:55:32,63.8986,122.7617,62.82,57,73,5.03
391,Caraballeda,VE,2021-07-27 12:55:33,10.6112,-66.8522,87.85,75,75,3.44
392,Banikoara,BJ,2021-07-27 12:55:33,11.2985,2.4386,77.97,76,100,8.72
393,Cienaga,CO,2021-07-27 12:55:34,11.007,-74.2476,78.94,76,82,4.68
394,Sarakhs,IR,2021-07-27 12:51:01,36.5449,61.1577,102.34,11,0,11.5
395,Sydney,AU,2021-07-27 12:52:58,-33.8679,151.2073,59.05,68,0,5.01
396,Inuvik,CA,2021-07-27 12:55:34,68.3499,-133.7218,54.46,87,75,6.91
397,Kirakira,SB,2021-07-27 12:55:35,-10.4544,161.9205,78.51,84,41,8.93
398,Pochutla,MX,2021-07-27 12:55:35,15.7432,-96.4661,75.81,89,100,4.85
399,Presidencia Roque Saenz Pena,AR,2021-07-27 12:55:36,-26.7852,-60.4388,54.66,33,5,13.35
400,Havelock,US,2021-07-27 12:55:36,34.8791,-76.9013,82.94,89,89,5.1
401,Copiapo,CL,2021-07-27 12:55:37,-27.3667,-70.3333,44.29,39,0,1.01
402,Balykshi,KZ,2021-07-27 12:55:37,47.0667,51.8667,89.6,15,0,15.66
403,The Valley,AI,2021-07-27 12:55:37,18.217,-63.0578,84.09,74,20,13.8
404,Jambi,ID,2021-07-27 12:55:38,-1.6,103.6167,77.67,65,6,2.37
405,Embonas,GR,2021-07-27 12:55:38,36.2269,27.8564,87.93,43,0,10.0
406,Lyubech,UA,2021-07-27 12:55:39,51.7026,30.6569,86.72,35,52,12.01
407,Lake Havasu City,US,2021-07-27 12:55:39,34.4839,-114.3224,87.22,44,1,1.01
408,Saint-Pierre,RE,2021-07-27 12:55:39,-21.3393,55.4781,73.04,69,75,17.27
409,Alice Springs,AU,2021-07-27 12:55:40,-23.7,133.8833,74.75,29,75,9.22
410,Tiznit,MA,2021-07-27 12:55:40,29.5833,-9.5,88.03,34,0,9.19
411,Gauribidanur,IN,2021-07-27 12:55:41,13.6111,77.5167,82.92,59,100,14.45
412,Pallasovka,RU,2021-07-27 12:55:41,50.05,46.8833,85.69,23,49,9.28
413,Taitung,TW,2021-07-27 12:55:41,22.7583,121.1444,84.47,70,75,2.3
414,Kano,NG,2021-07-27 12:55:42,12.0001,8.5167,80.49,74,75,11.5
415,Atar,MR,2021-07-27 12:55:42,20.5169,-13.0499,104.7,13,0,7.11
416,Damghan,IR,2021-07-27 12:55:43,36.1683,54.348,93.33,26,79,9.89
417,Byron Bay,AU,2021-07-27 12:55:43,-28.65,153.6167,60.75,77,0,10.71
418,Geraldton,AU,2021-07-27 12:55:43,-28.7667,114.6,62.13,67,90,9.22
419,Chicama,PE,2021-07-27 12:55:44,-7.8447,-79.1469,63.14,82,48,4.14
420,Betanzos,ES,2021-07-27 12:55:44,43.2804,-8.2147,75.9,69,40,4.0
421,Inhambane,MZ,2021-07-27 12:55:45,-23.865,35.3833,73.38,53,40,8.99
422,Kiama,AU,2021-07-27 12:55:45,-34.6833,150.8667,56.37,71,100,10.96
423,Half Moon Bay,US,2021-07-27 12:55:45,37.4636,-122.4286,66.63,88,1,0.0
424,Ampanihy,MG,2021-07-27 12:55:46,-24.7,44.75,68.02,52,97,17.45
425,Key Largo,US,2021-07-27 12:55:46,25.0865,-80.4473,88.02,70,100,6.08
426,Nizwa,OM,2021-07-27 12:55:47,22.9333,57.5333,105.73,20,100,11.12
427,Bougouni,ML,2021-07-27 12:55:47,11.417,-7.479,86.65,56,100,5.5
428,Kroya,ID,2021-07-27 12:55:48,-7.6331,109.2461,76.55,80,19,5.1
429,Ridgecrest,US,2021-07-27 12:52:02,35.6225,-117.6709,71.42,78,1,6.91
430,Shaunavon,CA,2021-07-27 12:55:48,49.6501,-108.4181,67.78,42,61,7.4
431,Erzin,TR,2021-07-27 12:55:49,36.9559,36.2,100.92,43,0,11.61
432,Along,IN,2021-07-27 12:55:49,28.1667,94.7667,77.34,95,86,1.25
433,Karlovac,HR,2021-07-27 12:55:49,45.4872,15.5478,88.09,56,96,1.99
434,Dondo,MZ,2021-07-27 12:55:50,-19.6094,34.7431,71.11,64,83,9.98
435,Hokitika,NZ,2021-07-27 12:55:50,-42.7167,170.9667,46.58,87,53,3.02
436,Jerusalem,IL,2021-07-27 12:54:29,31.769,35.2163,85.71,50,0,11.01
437,Cap Malheureux,MU,2021-07-27 12:55:51,-19.9842,57.6142,72.46,71,29,7.0
438,Kuah,MY,2021-07-27 12:55:51,6.3265,99.8432,85.98,79,20,5.75
439,Deputatskiy,RU,2021-07-27 12:55:52,69.3,139.9,39.74,75,63,5.99
440,Batamshinskiy,KZ,2021-07-27 12:55:52,50.5594,58.2747,75.18,31,65,6.55
441,Beian,NO,2021-07-27 12:55:53,63.6559,9.5683,81.68,47,20,11.5
442,Suez,EG,2021-07-27 12:55:53,29.9737,32.5263,99.86,20,0,11.39
443,Vilyuysk,RU,2021-07-27 12:55:54,63.7553,121.6247,65.75,58,58,5.06
444,Faya,SA,2021-07-27 12:55:54,18.3851,42.4509,71.71,64,97,11.59
445,Plettenberg Bay,ZA,2021-07-27 12:55:54,-34.0527,23.3716,70.86,48,0,6.22
446,Elban,RU,2021-07-27 12:55:55,50.1018,136.5094,71.17,94,100,7.49
447,Oussouye,SN,2021-07-27 12:55:55,12.485,-16.5469,87.89,59,61,6.38
448,Issoudun,FR,2021-07-27 12:55:55,47.0,1.8333,67.91,82,90,8.05
449,Palafrugell,ES,2021-07-27 12:55:56,41.9174,3.1631,97.14,50,36,5.01
450,Tobol,KZ,2021-07-27 12:55:56,52.6844,62.5794,73.56,32,6,13.38
451,Hami,CN,2021-07-27 12:55:57,42.8,93.45,97.16,11,6,13.62
452,Sao Filipe,CV,2021-07-27 12:55:57,14.8961,-24.4956,74.89,81,99,7.47
453,Ust-Kuyga,RU,2021-07-27 12:55:57,70.0167,135.6,47.55,62,6,13.56
454,Ulladulla,AU,2021-07-27 12:55:58,-35.35,150.4667,46.09,65,100,12.01
455,Hwange,ZW,2021-07-27 12:55:58,-18.3693,26.5019,73.15,28,0,7.0
456,Isangel,VU,2021-07-27 12:55:59,-19.55,169.2667,70.63,68,30,11.9
457,Praia,CV,2021-07-27 12:55:59,14.9215,-23.5087,78.78,70,67,7.87
458,Kirchhundem,DE,2021-07-27 12:55:59,51.1,8.1,73.83,27,100,8.97
459,Taperoa,BR,2021-07-27 12:56:00,-7.2075,-36.8267,81.81,46,3,15.32
460,Schwanewede,DE,2021-07-27 12:56:00,53.2333,8.6,76.03,63,100,1.01
461,Wewak,PG,2021-07-27 12:56:01,-3.5534,143.6268,80.44,85,59,9.35
462,Killarney,IE,2021-07-27 12:56:01,52.05,-9.5167,64.45,68,20,8.05
463,Cabedelo,BR,2021-07-27 12:56:01,-6.9811,-34.8339,79.47,77,39,14.07
464,Soyo,AO,2021-07-27 12:56:02,-6.1349,12.3689,82.45,66,87,11.43
465,Nampa,US,2021-07-27 12:54:43,43.5407,-116.5635,79.41,61,1,0.0
466,Lahaina,US,2021-07-27 12:56:02,20.8783,-156.6825,77.81,89,62,11.05
467,Nsanje,MW,2021-07-27 12:56:03,-16.92,35.262,75.67,44,97,5.41
468,Mirnyy,RU,2021-07-27 12:56:03,62.5353,113.9611,75.67,54,78,2.51
469,Kargat,RU,2021-07-27 12:56:03,55.1956,80.2811,62.91,58,100,4.74
470,Ust-Kan,RU,2021-07-27 12:56:04,50.9276,84.761,53.94,97,100,4.79
471,Togur,RU,2021-07-27 12:56:04,58.3631,82.8265,60.28,61,84,5.39
472,Mehran,IR,2021-07-27 12:56:05,33.1222,46.1646,117.88,6,0,16.06
473,Poronaysk,RU,2021-07-27 12:56:05,49.2167,143.1167,61.43,98,100,3.98
474,Talnakh,RU,2021-07-27 12:56:05,69.4865,88.3972,79.92,49,100,11.14
475,Ushtobe,KZ,2021-07-27 12:56:06,45.2514,77.9838,87.69,25,0,15.64
476,Porto Novo,BJ,2021-07-27 12:56:06,6.4965,2.6036,78.62,54,100,12.93
477,Chumphon,TH,2021-07-27 12:56:06,10.3333,98.8333,81.37,92,77,7.29
478,Homa Bay,KE,2021-07-27 12:56:07,-0.5273,34.4571,78.48,54,100,11.43
479,Nago,JP,2021-07-27 12:56:07,26.5881,127.9761,82.47,93,78,14.03
480,Chardara,KZ,2021-07-27 12:56:08,41.2547,67.9692,95.38,16,0,24.14
481,Hobyo,SO,2021-07-27 12:56:08,5.3505,48.5268,81.77,66,98,26.78
482,Berlevag,NO,2021-07-27 12:56:08,70.8578,29.0864,53.94,83,45,11.54
483,Lebedinyy,RU,2021-07-27 12:56:09,58.5167,125.5167,62.6,80,72,1.41
484,Beipiao,CN,2021-07-27 12:56:09,41.7919,120.7792,75.7,76,100,1.34
485,Morganton,US,2021-07-27 12:56:09,35.7454,-81.6848,79.65,95,40,1.99
486,Marsh Harbour,BS,2021-07-27 12:56:10,26.5412,-77.0636,83.48,71,49,6.42
487,Trincomalee,LK,2021-07-27 12:56:10,8.5711,81.2335,86.14,66,100,18.25
488,Santa Isabel Do Rio Negro,BR,2021-07-27 12:56:11,-0.4139,-65.0192,79.63,75,93,1.77
489,Monrovia,LR,2021-07-27 12:51:26,6.3005,-10.7969,79.03,78,85,15.14
490,Tessalit,ML,2021-07-27 12:56:11,20.1986,1.0114,102.65,21,9,6.04
491,Komsomolskiy,UZ,2021-07-27 12:56:12,40.4272,71.7189,95.72,21,0,13.8
492,Nuuk,GL,2021-07-27 12:56:12,64.1835,-51.7216,49.86,80,100,18.21
493,Ambagarh Chauki,IN,2021-07-27 12:56:13,20.7833,80.7167,79.57,76,100,11.43
494,Berezovka,BY,2021-07-27 12:56:13,53.7214,25.4993,80.11,62,97,7.72
495,Chapais,CA,2021-07-27 12:56:13,49.7834,-74.8492,51.58,66,12,7.16
496,Kurilsk,RU,2021-07-27 12:56:14,45.2333,147.8833,64.22,97,100,5.23
497,Kuching,MY,2021-07-27 12:56:14,1.55,110.3333,84.42,79,40,4.61
498,Utena,LT,2021-07-27 12:56:15,55.5,25.6,80.17,58,99,13.94
499,New Smyrna Beach,US,2021-07-27 12:56:15,29.0258,-80.927,84.11,83,1,8.05
500,Baturite,BR,2021-07-27 12:56:15,-4.3286,-38.8847,84.34,47,47,8.79
501,Sikasso,ML,2021-07-27 12:56:16,10.9167,-7.0,87.67,54,100,5.53
502,Winneba,GH,2021-07-27 12:56:16,5.3511,-0.6231,81.07,64,100,12.88
503,Neuquen,AR,2021-07-27 12:56:16,-38.9516,-68.0591,35.49,75,0,8.05
504,Sept-Iles,CA,2021-07-27 12:55:09,50.2001,-66.3821,63.12,93,90,1.99
505,Ayabaca,PE,2021-07-27 12:56:17,-4.6398,-79.7149,52.29,70,10,3.42
506,Ambanja,MG,2021-07-27 12:54:19,-13.6833,48.45,84.13,58,6,8.14
507,Yantarnyy,RU,2021-07-27 12:56:18,54.8717,19.9381,73.26,76,6,8.7
508,Cam Ranh,VN,2021-07-27 12:56:18,11.9214,109.1591,87.76,66,40,5.75
509,Dunmore Town,BS,2021-07-27 12:56:18,25.5,-76.65,82.76,75,37,7.27
510,Ossora,RU,2021-07-27 12:56:19,59.2353,163.0719,57.16,74,100,7.96
511,Nizhnyaya Tavda,RU,2021-07-27 12:56:19,57.6731,66.1725,59.18,90,100,7.4
512,Talakan,RU,2021-07-27 12:56:20,50.3167,130.3667,71.53,97,100,3.53
513,Marystown,CA,2021-07-27 12:56:20,47.1666,-55.1483,64.85,100,100,1.01
514,Avezzano,IT,2021-07-27 12:56:20,42.0402,13.4388,93.72,16,96,11.5
515,Puerto Leguizamo,CO,2021-07-27 12:56:21,-0.1934,-74.7819,72.72,94,84,0.85
516,Roma,US,2021-07-27 12:55:05,43.2128,-75.4557,76.41,80,0,2.26
517,Sijunjung,ID,2021-07-27 12:56:21,-0.6876,100.9537,75.02,90,27,2.1
518,Churapcha,RU,2021-07-27 12:56:22,62.0025,132.4325,61.77,56,0,7.23
519,Godo,JP,2021-07-27 12:56:22,35.4167,136.6,85.14,92,97,2.93
520,Ixtapa,MX,2021-07-27 12:56:22,20.7,-105.2,73.54,76,31,4.29
521,Ingham,US,2021-07-27 12:56:23,42.6,-84.3833,74.05,80,1,5.75
522,San Cristobal,VE,2021-07-27 12:56:23,7.7669,-72.225,66.38,99,100,3.44
523,Wanning,CN,2021-07-27 12:56:23,18.8003,110.3967,84.76,79,99,3.6
524,Dali,CN,2021-07-27 12:56:24,25.7,100.1833,66.43,85,82,2.35
525,Svetlaya,RU,2021-07-27 12:56:24,46.5389,138.3297,68.76,96,100,1.77
526,Matale,LK,2021-07-27 12:56:25,7.4721,80.6234,75.27,87,100,6.38
527,Kailua,US,2021-07-27 12:54:21,21.4022,-157.7394,78.03,73,1,9.22
528,Nandikotkur,IN,2021-07-27 12:56:25,15.8667,78.2667,87.8,50,95,19.22
529,Rocha,UY,2021-07-27 12:56:26,-34.4833,-54.3333,43.92,57,4,16.69
530,Vardo,NO,2021-07-27 12:56:26,70.3705,31.1107,59.2,86,6,13.09
531,Tautira,PF,2021-07-27 12:56:26,-17.7333,-149.15,73.42,78,13,11.41
532,Verkhoyansk,RU,2021-07-27 12:56:27,67.5447,133.385,52.65,59,12,8.84
533,Pingxiang,CN,2021-07-27 12:56:27,27.6167,113.85,78.39,90,0,2.37
534,Padre Bernardo,BR,2021-07-27 12:56:28,-15.35,-48.5,77.95,27,72,4.76
535,Cockburn Town,TC,2021-07-27 12:56:28,21.4612,-71.1419,82.26,81,96,20.31
536,Andenes,NO,2021-07-27 12:56:28,69.3143,16.1194,67.46,100,90,6.91
537,Dukat,RU,2021-07-27 12:56:29,62.55,155.55,44.64,75,100,5.3
538,Bilma,NE,2021-07-27 12:56:29,18.6853,12.9164,100.74,27,20,2.64
539,Ihosy,MG,2021-07-27 12:56:30,-22.4,46.1167,63.9,55,50,15.57
540,Rochegda,RU,2021-07-27 12:56:30,62.8,43.25,67.23,34,21,12.57
541,Launceston,AU,2021-07-27 12:56:30,-41.45,147.1667,51.8,89,40,4.0
542,Sisimiut,GL,2021-07-27 12:56:31,66.9395,-53.6735,57.94,63,87,15.66
543,Ust-Nera,RU,2021-07-27 12:56:31,64.5667,143.2,50.22,87,100,6.96
544,Mareeba,AU,2021-07-27 12:56:32,-17.0,145.4333,66.92,90,96,2.55
545,Gat,IL,2021-07-27 12:56:04,31.61,34.7642,93.4,40,0,15.28
546,Kushima,JP,2021-07-27 12:56:32,31.4583,131.2333,82.44,89,0,2.93
547,Sola,VU,2021-07-27 12:56:33,-13.8833,167.55,80.08,77,100,20.0
